{"thresholds": {"LEFT": 0.4832728386809269, "RIGHT": 0.5420656512605044, "TOP": -0.03781252081252084, "BOTTOM": 0.026478854478854473}, "positioning_samples": 4, "frames_threshold_needed_for_click": 20, "default_config": {"thresholds": {"LEFT": 0.5035862952836636, "RIGHT": 0.5713325928457507, "TOP": -1, "BOTTOM": -1}, "positioning_samples": 4, "frames_threshold_needed_for_click": 20}}