{"thresholds": {"LEFT": 0.486246389843816, "RIGHT": 0.5438704099338776, "TOP": -0.046091200466200515, "BOTTOM": 0.02122564935064935}, "positioning_samples": 4, "frames_threshold_needed_for_click": 20, "default_config": {"thresholds": {"LEFT": 0.5035862952836636, "RIGHT": 0.5713325928457507, "TOP": -1, "BOTTOM": -1}, "positioning_samples": 4, "frames_threshold_needed_for_click": 20}}